name,brand,category,labels,skinType,country,capacity,price,instructions,activeIngredient,ingredients,imageUrls,averageRating,reviewCount,tags
Centella Ampoule,SKIN1004,serum,-;Ampoule,normal;combination;dry,South Korea,55ml,15.00,Apply two drops on each side of face.;Spread evenly across face.,Centella Asiatica Extract,"Water, 1,2-Hexanediol, Butylene Glycol, Centella Asiatica Extract, Panthenol, Xanthan Gum, Sodium Hyaluronate, Ethylhexylglycerin, Disodium EDTA, Citric Acid",https://www.skin1004.com/cdn/shop/products/skin1004-ampoule-serum-centella-ampoule-38409088401654_1440x.jpg?v=1677148618;https://www.skin1004.com/cdn/shop/products/skin1004-ampoule-serum-madagascar-centella-ampoule-36426919379190_1440x.png?v=1677148618 ,5.0,1,Glass Skin;Hydrating
Centella Ampoule Foam,SKIN1004,cleanser,Foam,normal;sensitive,South Korea,125ml,14.00,Apply pea size amount onto wet palms.;Rub together until foam is is activated.; Gently message the face and rise with lukewarm water.,"Centella Asiatica Extract, Citric Acid, Sodium Hyaluronate","Water, Sodium Cocoyl Isethionate, Glycerin, Sodium Methyl Cocoyl Taurate, Coco-Betaine, Centella Asiatica Extract, Potassium Cocoyl Glycinate, 1,2-Hexanediol, Potassium Cocoate, Potassium Benzoate, Polyquaternium-67, Citric Acid, Sodium Chloride, Butylene Glycol, Dextrin, Theobroma Cacao (Cocoa) Extract, Disodium EDTA, Sodium Acetate, Sodium Bicarbonate, Coptis Chinensis Root Extract, Sodium Hyaluronate, Coccinia Indica Fruit Extract, Eclipta Prostrata Extract",https://www.skin1004.com/cdn/shop/products/skin1004-cleanser-centella-ampoule-foam-38642819825910_1440x.png?v=1677149057;https://www.skin1004.com/cdn/shop/products/skin1004-cleanser-madagascar-centella-ampoule-foam-36436059226358_1440x.jpg?v=1717738201;https://www.skin1004.com/cdn/shop/products/skin1004-cleanser-centella-ampoule-foam-38409123397878_1440x.jpg?v=1717738201,4.8,1,Watery;Hydrating;Calming
Centella Light Cleansing Oil,SKIN1004,cleanser,Oil,normal;dry;sensitive,South Korea,200ml,20.99,Apply a few pumps of cleansing oil onto dry face with dry hands.;Gently massage in circular motions to dissolve makeup and debris.;Add a little water and continue massaging to create a light and milky emulsion.;Rinse off completely with lukewarm water.,"Centella Asiatica Extract, Citrus Aurantium Bergamia (Bergamot) Fruit Oil, Helianthus Annuus (Sunflower) Seed Oil, Olea Europaea (Olive) Fruit Oil, Simmondsia Chinensis (Jojoba) Seed Oil","Ethylhexyl Stearate, Cetyl Ethylhexanoate, Sorbeth-30 Tetraoleate, Caprylic/Capric Triglyceride, Citrus Aurantium Bergamia (Bergamot) Fruit Oil, Centella Asiatica Extract, Simmondsia Chinensis (Jojoba) Seed Oil, Olea Europaea (Olive) Fruit Oil, Helianthus Annuus (Sunflower) Seed Oil, Ethylhexylglycerin, Pelargonium Graveolens Flower Oil, Rosa Damascena Flower Oil, Limonene, Linalool",https://www.skin1004.com/cdn/shop/products/skin1004-cleanser-centella-light-cleansing-oil-38642994282742_1440x.png?v=1677151214;https://www.skin1004.com/cdn/shop/products/skin1004-cleanser-madagascar-centella-light-cleansing-oil-36440241078518_1440x.jpg?v=1677151102;https://www.skin1004.com/cdn/shop/products/skin1004-cleanser-centella-light-cleansing-oil-38409133654262_1440x.jpg?v=1677151102,4.6,1,Calming;Hydrating;Mild exfoliating
Centella Toning Toner,SKIN1004,toner,Exfoliating,normal;sensitive,South Korea,210ml,18.00,Apply an appropriate amount to either a cotton pad or directly on the palm.;Gently pat to absorb into the skin.,"Centella Asiatica Extract, Gluconolactone, Betaine","Water, Dipropylene Glycol, Centella Asiatica Extract, 1,2-Hexanediol, Niacinamide, Sodium Citrate, Gluconolactone, Ethylhexylglycerin, Adenosine, Disodium EDTA, Dipotassium Glycyrrhizate, Betaine, Hyaluronic Acid, Carbomer, Tromethamine",https://www.skin1004.com/cdn/shop/products/skin1004-toner-centella-toning-toner-38642837750006_1440x.png?v=1677149431;https://www.skin1004.com/cdn/shop/products/skin1004-toner-madagascar-centella-toning-toner-36440489820406_1440x.jpg?v=1677149206;https://www.skin1004.com/cdn/shop/products/skin1004-toner-madagascar-centella-toning-toner-36440507875574_1440x.jpg?v=1677149206,4.4,1,Soothing;Mild exfoliation
Centella Cream,SKIN1004,moisturizer,Cream;Natural,normal;sensitive,South Korea,75ml,20.00,Apply appropriate amount on face and pat gently with both palms for absorption.;Use it as last step of skincare routine.,"Centella Asiatica Extract, Panthenol, TECA (Madecassoside, Asiaticoside, Madecassic Acid, Asiatic Acid)","Water, Cetyl Ethylhexanoate, Glycerin, Pentylene Glycol, Hydrogenated Lecithin, Niacinamide, Macadamia Ternifolia Seed Oil, Butyrospermum Parkii (Shea) Butter, Limnanthes Alba (Meadowfoam) Seed Oil, Squalane, Carbomer, Caprylyl Glycol, 1,2-Hexanediol, Tromethamine, Panthenol, Sodium Carbomer, Erythritol, Trehalose, Betaine, Butylene Glycol, Caprylhydroxamic Acid, Caprylic/Capric Triglyceride, Adenosine, Xanthan Gum, Olea Europaea (Olive) Fruit Oil, Lavandula Angustifolia (Lavender) Oil, Hydroxyethylcellulose, Centella Asiatica Extract, Citrus Aurantium Dulcis (Orange) Oil, Madecassoside , Biosaccharide Gum-1, Asiaticoside, Madecassic Acid, Asiatic Acid, Glycine Soja (Soybean) Sprout Extract, Glycyrrhiza Glabra (Licorice) Root Extract, Ceramide NP, Chamomilla Recutita (Matricaria) Flower Extract, Linoleic Acid, Ethylhexylglycerin, Sodium Hyaluronate, Linolenic Acid, Hexyl Cinnamal, Linalool",https://www.skin1004.com/cdn/shop/products/skin1004-cream-centella-cream-38642822906102_1440x.png?v=1677149063;https://www.skin1004.com/cdn/shop/products/skin1004-cream-centella-cream-38409119170806_1440x.jpg?v=1677148989;https://www.skin1004.com/cdn/shop/products/skin1004-cream-centella-cream-38409119269110_1440x.jpg?v=1677148988,4.3,1,"Lightweight;Soothing,Hydrating"
Hyalu-Cica Blue Serum,SKIN1004,serum,Niacinamide;Serum,normal;sensitive;dry,South Korea,30ml,14.00,Use Daily. Pump an appropriate amount and gently apply it in the direction of your skin texture.,"Centella Asiatica Leaf Water, Hyaluronic Acid, Ceramide NP, Hedera Helix (Ivy) Leaf/Stem Extract","Water, Centella Asiatica Leaf Water(389,929ppm), Butylene Glycol, 1,2-Hexanediol, Niacinamide, Glycerin, Hibiscus Esculentus Fruit Extract, Sodium Hyaluronate(5,293ppm), Hydrolyzed Hyaluronic Acid(5,290ppm), Hyaluronic Acid(5,290ppm), Methylpropanediol, Panthenol, Cetearyl Olivate, Carbomer, Arginine, Sorbitan Olivate, Caprylic/Capric Triglyceride, Pyrus Communis (Pear) Fruit Extract, Pentylene Glycol, Adenosine, Polyglutamic Acid, Rosa Damascena Flower Water, Artemisia Princeps Leaf Extract, Cucumis Melo (Melon) Fruit Extract, Iris Florentina Root Extract, Ethylhexylglycerin, Hedera Helix (Ivy) Leaf/Stem Extract, Sodium Phytate, Xanthan Gum, Maltodextrin, Pantolactone, Hydrolyzed Gardenia Florida Extract, Hydrogenated Lecithin, Ceramide NP, Sodium Hyaluronate Crosspolymer(0.005ppm), Hydrolyzed Sodium Hyaluronate(0.005ppm)",https://www.skin1004.com/cdn/shop/files/skin1004-ampoule-serum-hyalu-cica-blue-serum-40032061096182_1440x.png?v=1709704927;https://www.skin1004.com/cdn/shop/products/skin1004-ampoule-serum-hyalu-cica-blue-serum-38409153577206_1440x.jpg?v=1717738539,4.6,1,Moisturizing;Calming
Hyalu-Cica Brightening Toner,SKIN1004,toner,Exfoliating,normal;sensitive;dry,South Korea,210ml,20.00,Apply an appropriate amount to either a cotton pad or directly on the palm and gently pat to absorb into the skin.,"Centella Asiatica Leaf Water, Hyaluronic Acid, Ceramide NP, Citric Acid, Capryloyl Salicylic Acid","Centella Asiatica Leaf Water(74,349ppm), Butylene Glycol, Glycerin, 1,2-Hexanediol, Niacinamide, Aqua(Water), Betaine, Sodium Hyaluronate(9,452ppm), Hydrolyzed Hyaluronic Acid(9,452ppm), Hyaluronic Acid(9,452ppm), Hibiscus Esculentus Fruit Extract, Xylitol, Polyglyceryl-10 Oleate, Polyglyceryl-10 Myristate, Polyglyceryl-6 Dioleate, Pyrus Communis (Pear) Fruit Extract, Pentylene Glycol, Polyglyceryl-4 Laurate, Ethylhexylglycerin, Rosa Damascena Flower Water, Adenosine, Cucumis Melo (Melon) Fruit Extract, Iris Florentina Root Extract, Hedera Helix (Ivy) Leaf/Stem Extract, Sodium Phytate, Methylpropanediol, Xanthan Gum, Citric Acid, Artemisia Princeps Leaf Extract, Caprylic/Capric Triglyceride, Polyglutamic Acid, Hydrogenated Lecithin, Ceramide NP, Capryloyl Salicylic Acid",https://www.skin1004.com/cdn/shop/files/skin1004-toner-hyalu-cica-brightening-toner-40032065356022_1440x.png?v=1709704933;https://www.skin1004.com/cdn/shop/products/skin1004-toner-madagascar-centella-hyalu-cica-brightening-toner-36436927283446_1440x.jpg?v=1709704715;https://www.skin1004.com/cdn/shop/products/skin1004-toner-hyalu-cica-brightening-toner-38609127735542_1440x.jpg?v=1709704715,4.7,1,Moisturizing;Calming
Hyalu-Cica Sleeping Pack,SKIN1004,other,Sleeping Mask,normal;sensitive;dry,South Korea,30ml,7.00,"Apply a thin layer of the mask on the face and neck, let it absorb just like moisturizer.","Centella Asiatica Leaf Water, Hyaluronic Acid, Melatonin, Ceramide NP","Centella Asiatica Leaf Water(408,864ppm), Water, Butylene Glycol, Glycerin, 1,2-Hexanediol, Niacinamide, Carbomer, Sodium Hyaluronate(4,813ppm), Hydrolyzed Hyaluronic Acid(4,813ppm), Hyaluronic Acid(4,813ppm), Cetearyl Olivate, Methylpropanediol, Arginine, Panthenol, Pullulan, Sorbitan Olivate, Caprylic/Capric Triglyceride, Pyrus Communis (Pear) Fruit Extract, Adenosine, Polyglutamic Acid, Rosa Damascena Flower Water, Ethylhexylglycerin, Cucumis Melo (Melon) Fruit Extract, Iris Florentina Root Extract, Hedera Helix (Ivy) Leaf/Stem Extract, Sodium Phytate, Hibiscus Esculentus Fruit Extract, Xanthan Gum, Maltodextrin, Pantolactone, Artemisia Princeps Leaf Extract, Hydrolyzed Gardenia Florida Extract, Melatonin, Pentylene Glycol, Hydrogenated Lecithin, Ceramide NP, Illicium Verum (Anise) Fruit Extract, Larix Sibirica Wood Extract, Quercus Mongolica Leaf Extract, Persicaria Hydropiper Extract, Rheum Palmatum Root/Stalk Extract, Corydalis Turtschaninovii Root Extract, Asarum Sieboldii Root Extract, Chrysanthellum Indicum Extract, Coptis Japonica Root Extract, Machilus Thunbergii Bark Extract",https://www.skin1004.com/cdn/shop/products/skin1004-mask-pad-hyalu-cica-sleeping-pack-38642854985974_1440x.png?v=1677149605;https://www.skin1004.com/cdn/shop/products/skin1004-mask-pad-hyalu-cica-sleeping-pack-38409157214454_1440x.jpg?v=1677149448,4.2,1,Hydrating;Moisturizing;Calming
Hyalu-Cica Water-Fit Sun Serum UV,SKIN1004,sunscreen,50+;Natural;Chemical,normal;dry,South Korea,50ml,19.00,"Evenly apply on areas exposed to UV rays such as face, neck, arms, and legs.","Centella Asiatica Extract, Hyaluronic Acid, Rice Extract, Oat Meal Extract, Glycine Max (Soybean) Seed Extract","Water, Butyloctyl Salicylate, Propanediol, Polymethylsilsesquioxane, C20-22 Alkyl Phosphate, C20-22 Alcohols, Panthenol, 1,2-Hexanediol, Caprylyl Methicone, Pentylene Glycol, Dimethicone/Vinyl Dimethicone Crosspolymer, Cetyl Alcohol, Vp/Eicosene Copolymer, Glyceryl Stearate, Tromethamine, Polyacrylate Crosspolymer-6, Ammonium Acryloyldimethyltaurate/Vp Copolymer, Silica, Butylene Glycol, Centella Asiatica Extract, Ethylhexylglycerin, Hydrolyzed Sodium Hyaluronate, Sodium Hyaluronate, Tocopherol, Glycerin, Portulaca Oleracea Extract, Camellia Sinensis Leaf Extract, Hyaluronic Acid, Oryza Sativa (Rice) Extract, Avena Sativa (Oat) Meal Extract, Glycine Max (Soybean) Seed Extract",https://www.skin1004.com/cdn/shop/files/skin1004-50ml-hyalu-cica-water-fit-sun-serum-uv-1204112543_1440x.png?v=1762764544;https://www.skin1004.com/cdn/shop/files/skin1004-50ml-hyalu-cica-water-fit-sun-serum-uv-1204112540_1440x.png?v=1763091245;https://www.skin1004.com/cdn/shop/files/skin1004-50ml-hyalu-cica-water-fit-sun-serum-uv-1204112542_1440x.png?v=1763091245,4.8,1,Hydrating;Lightweight;UV Protection
1025 Dokdo Cleanser,RoundLab,cleanser,Foam,sensitive;normal;combination;dry;oily,South Korea,150ml,24.00,Create creamy foam by adding water.;Massage unto face thoroughly.;Rinse away with lukewarm water.,"Hyaluronic Acid, Ceramide NP","Water, Sodium Cocoyl Isethionate, Glycerin, Sodium Methyl Cocoyl Taurate, Coco-Betaine, Potassium Cocoyl Glycinate, Potassium Benzoate, Sodium Chloride, Polyquaternium-67, Potassium Cocoate, Citric Acid, Fructooligosaccharides, Saccharide Hydrolysate, Disodium EDTA, Pullulan, 1,2-Hexanediol, Allantoin, Panthenol, Sea Water, Sodium Acetate, Butylene Glycol, Chamomilla Recutita (Matricaria) Flower Oil, Caprylic/Capric Triglyceride, Beta-Glucan, Phosphatidylcholine, Hyaluronic Acid, Ethylhexylglycerin, Ceramide NP, Glycine, Hydrolyzed Hyaluronic Acid, Glutamic Acid, Serine, Sodium Hyaluronate, Lysine, Alanine, Arginine, Threonine, Proline",https://roundlab.com/cdn/shop/files/1025-dokdo-cleanser-round-lab-3.jpg?v=1762439855&width=493;https://roundlab.com/cdn/shop/files/RLAB0110_17336_refin_Medium_b40b3e30-cf30-4514-b069-6cca5c7fbb7d.png?v=1747182502,4.9,1,"Creamy;Hydrating,Soothing,Gentle"
Birch Moisturizing Cleanser,RoundLab,cleanser,Foam,normal;combination;dry;oily,South Korea,150ml,24.00,Dispense a sufficient amount on your palm and create bubbles and foams by gently massaging unto face.;Cleanse and rinse thoroughly with lukewarm water.,"Betula Platyphylla Japonica Juice(10,000ppm), Artemisia Annua ExtractAnthemis Nobilis Flower Oil, Hyarulonic Acide","Water, Glycerin, Sodium Cocoyl Alaninate, Lauryl Hydroxysultaine, Disodium Cocoamphodiacetate, Sodium Methyl Cocoyl Taurate, Acrylates/C10-30 Alkyl Acrylate Crosspolymer, Betula Platyphylla Japonica Juice(10,000ppm),Butylene Glycol, Sodium Hyaluronate, Hyaluronic Acid, Sodium Chloride, Glyceryl Glucoside, Ascorbic Acid, 1,2-Hexanediol, Artemisia Annua Extract, Anthemis Nobilis Flower Oil, Pinus Sylvestris Leaf Oil, Quillaja Saponaria Bark Extract, Caprylyl Glycol, Coco-Glucoside, Glyceryl Caprylate, Sodium Cocoyl Isethionate, Hexylene Glycol, Citric Acid, Disodium EDTA",https://roundlab.com/cdn/shop/files/birch-moisturizing-cleanser-round-lab-1.png?v=1762439860&width=493;https://roundlab.com/cdn/shop/files/Birch_Cleanser_1.webp?v=1747183353&width=493 ,4.9,1,Acidic;Gentle;Noushing;Brightening
Mugwort Calming Cleanser,RoundLab,cleanser,Foam,sensitive;normal;combination;dry;oily,South Korea,150ml,24.00,Dispense a sufficient amount on your palm and create bubbles and foams by gently massaging unto face.;Cleanse and rinse thoroughly with lukewarm water.,"Artemisia Vulgaris Extract, Madecassoside, Asiatic Acid, Panthenol","Water, Glycerin, Sodium Cocoyl Glycinate, Sodium Lauroyl Glutamate, Butylene Glycol, Coco-Betaine, Betaine, Hydroxypropyl Starch Phosphate, Artemisia Vulgaris Extract (10,045ppm), Artemisia Princeps Leaf Extract 800pm, Madecassoside, Asiaticoside, Asiatic Acid, Madecassic Acid, Panthenol, Allantoin, Melia Azadirachta Leaf Extract, Malt Extract, Camellia Sinensis Leaf Extract, Melia Azadirachta Flower Extract, Sodium Chloride, Aspartic Acid, Caprylyl Glycol, Polyquaternium-67, 1,2-Hexanediol, Ethylhexylglycerin, Citric Acid, Salvia Officinalis (Sage) Oil",https://roundlab.com/cdn/shop/files/mugwort-calming-cleanser-round-lab-1.png?v=1762439863&width=493;https://roundlab.com/cdn/shop/files/mugwort-calming-cleanser-round-lab-4.png?v=1747182659&width=493,4.9,1,Purifying;Anti-inflammatory;Gentle
1025 Dokdo Toner,RoundLab,toner,Exfoliating,sensitive;normal;combination;dry;oily,South Korea,100ml,14.00,"After cleansing, soak cotton pad with toner and gently swipe all over your face.;If using the leave-on method, soak cotton pads with toner and leave on face for 5 to 10 minutes.",,"Water, Butylene Glycol, Glycerin, Pentylene Glycol, Propanediol, Chondrus Crispus Extract, Saccharum Officinarum (Sugarcane) Extract, Sea Water, 1,2-Hexanediol, Protease, Betaine, Panthenol, Ethylhexylglycerin, Allantoin, Xanthan Gum, Disodium EDTA",https://roundlab.com/cdn/shop/files/1025-dokdo-toner-round-lab-1.jpg?v=1747182479&width=493;https://roundlab.com/cdn/shop/files/1025-dokdo-toner-round-lab-3.jpg?v=1747182479&width=493;https://roundlab.com/cdn/shop/files/Dokdo_Toner_2025.png?v=1765492459&width=493;,4.8,1,Watery;Hydrating;Exfoliating
Birch Moisturizing Toner,RoundLab,toner,Hydrating,sensitive;normal;combination;dry;oily,South Korea,100ml,38.00,Apply sufficient amount unto face.;Tap lightly across face for better absorption.,,"Water, Glycine, Propanediol, Glycereth-26, Pentylene Glycol, Betula Platyphylla Japonica Juice(10,000ppm), 1,2-Hexanediol, Chondrus Crispus Extract, Saccharum Officinarum (Sugarcane) Extract, Sodium Hyaluronate, Hyaluronic Acid, Panthenol, Tromethamine, Dipotassium Glycyrrhizate, Glyceryl Caprylate, Glyceryl Glucoside, Butylene Glycol, Ascorbic Acid, Carbomer, Xanthan Gum, Disodium EDTA",https://roundlab.com/cdn/shop/files/birch-moisturizing-toner-round-lab-1.png?v=1762439923&width=493;https://roundlab.com/cdn/shop/files/birch-moisturizing-toner-round-lab-3.png?v=1747182835&width=493 ,4.9,1,Moisturizing;Calming;Anti-inflammation
Pine Calming Cica Ampoule,RoundLab,serum,Hyaluronic Acid;Ampoule,sensitive;normal;combination;dry;oily,South Korea,50ml,38.00,"After toning, apply one to two drops on the face and gently tap until fully absorbed.","Hyaluronic Acid, Hydrolyzed Hyaluronic Acid, Asiatic Acid, Madecassic Acid, Capryloyl Salicylic Acid","Water, Glycoproteins, Melia Azadirachta Leaf Extract, Coptis Japonica Root Extract, Melia Azadirachta Flower Extract, Hydroxyacetophenone, Asiaticoside, Asiatic Acid, Madecassoside, Madecassic Acid, Sodium Citrate, Capryloyl Salicylic Acid, Disodium EDTA, Xanthan Gum, Carbomer, Tromethamine, Citric Acid",https://roundlab.com/cdn/shop/files/pine-calming-cica-ampoule-round-lab-1.png?v=1762439914&width=493;https://roundlab.com/cdn/shop/files/Pine_Cica_Ampoule_content_5.webp?v=1748037633&width=4933,4.7,1,Hydration;Anti-inflammatory
1025 Dokdo Ampoule,RoundLab,serum,Hyaluronic Acid;Ampoule,sensitive;normal;combination;dry;oily,South Korea,50ml,44.00,Drip a few drops all over face during the essence stage and let the ampoule gently soak in.,"Hydrolyzed, Hyaluronic Acid","Water, Butylene Glycol, Glycerin, Dipropylene Glycol, Propanediol, 1,2-Hexanediol, Sea Water, Hydrolyzed Hyaluronic Acid, Hydrolyzed Collagen, Panthenol, Chondrus Crispus Extract, Saccharum Officinarum (Sugarcane) Extract, Tromethamine, Ethylhexylglycerin, Caprylic/Capric Triglyceride, Betaine, Dipotassium Glycyrrhizate, Glyceryl Glucoside, Hydrogenated Lecithin, Ceramide NP, Tocopherol, Carbomer, Xanthan Gum",https://roundlab.com/cdn/shop/files/1025-dokdo-ampoule-round-lab-1.jpg?v=1762439856&width=493;https://roundlab.com/cdn/shop/files/1025-dokdo-ampoule-round-lab-4.jpg?v=1747182529&width=493,4.8,1,Rejuvenating;Hydration;Nourishing
Birch Moisturizing Serum,RoundLab,serum,Hyaluronic Acid;Serum,sensitive;normal;combination;dry;oily,South Korea,50ml,38.00,"After tidying skin with toner, take a sufficient amount of serum and gentle apply across skin for full absorption.",,"Water, Methylpropanediol, Glycerin, 1,2-Hexanediol, Polyglycerin-3, Caprylic/Capric Triglyceride, Betula Platyphylla Japonica Juice(10,000ppm), Sodium Hyaluronate, Glyceryl Glucoside, Hydrolyzed Hyaluronic Acid, Butylene Glycol, Hyaluronic Acid, Ascorbic Acid, Beta-Glucan, Dipotassium Glycyrrhizate, Hydrogenated Lecithin, Ethylhexylglycerin, Eclipta Prostrata Leaf Extract, Laminaria Japonica Extract, Avena Sativa (Oat) Kernel Extract, Cynara Scolymus (Artichoke) Leaf Extract, Pteris Multifida Extract, Melia Azadirachta Leaf Extract, Melia Azadirachta Flower Extract, Coccinia Indica Fruit Extract, Aloe Barbadensis Flower Extract, Solanum Melongena (Eggplant) Fruit Extract, Ocimum Sanctum Leaf Extract, Corallina Officinalis Extract, Curcuma Longa (Turmeric) Root Extract, Cyclohexasiloxane, Dipropylene Glycol, Ammonium Acryloyldimethyltaurate/VP Copolymer, Xanthan Gum, Fructooligosaccharides, Carbomer, Disodium EDTA, Polyquaternium-51, Tromethamine, Tocopherol",https://roundlab.com/cdn/shop/files/birch-moisturizing-serum-round-lab-1.png?v=1762439860&width=493;https://roundlab.com/cdn/shop/files/birch-moisturizing-serum-round-lab-3.png?v=1747182593&width=493,4.9,1,Rejuvenating;Hydration;Nourishing
Birch Moisturizing Cream,RoundLab,moisturizer,Cream;Dewy,sensitive;normal;combination;dry;oily,South Korea,80ml,51.00,"Gently apply a sufficient amount on skin, spread it out as if creating a barrier.","Betula Platyphylla Japonica Juice, Jojoba Esters, Panthenol","Water, Glycerin, Isononyl Isononanoate, Isododecane, 1,2-Hexanediol, Pentylene Glycol, Polydecene, Betula Platyphylla Japonica Juice(10,000ppm), Jojoba Esters, Panthenol, Glyceryl Glucoside, Acacia Senegal Gum, Hydrolyzed Hibiscus Esculentus Extract, Sodium Hyaluronate, Hyaluronic Acid, Lupinus Albus Seed Extract, Moringa Oleifera Seed Extract, Melia Azadirachta Leaf Extract, Melia Azadirachta Flower Extract, Coccinia Indica Fruit Extract, Aloe Barbadensis Flower Extract, Solanum Melongena (Eggplant) Fruit Extract, Ocimum Sanctum Leaf Extract, Corallina Officinalis Extract, Curcuma Longa (Turmeric) Root Extract, Ascorbic Acid, Pentaerythrityl Tetraethylhexanoate, Ammonium Acryloyldimethyltaurate/VP Copolymer, Polyglyceryl-3 Methylglucose Distearate, Acrylates/C10-30 Alkyl Acrylate Crosspolymer, Tromethamine, Glyceryl Acrylate/Acrylic Acid Copolymer, Ethylhexylglycerin, Agar, Dipotassium Glycyrrhizate, Glyceryl Caprylate, Butylene Glycol, Disodium EDTA",https://roundlab.com/cdn/shop/files/birch-moisturizing-cream-round-lab-3.jpg?v=1762439859&width=493,4.9,1,Reduce Inflammation;Brightening;Lightweight
1025 Dokdo Cream,RoundLab,moisturizer,Cream;Natural,sensitive;normal;combination;dry;oily,South Korea,80ml,51.00,"Gently apply a sufficient amount on skin, spread it out as if creating a barrier.","Hyaluronic Acid, Hydrolyzed Hyaluronic Acid, Quintuple Ceramide","Water, Glycerin, Caprylic/Capric Triglyceride, Dipropylene Glycol, Hydrogenated Poly(C6-14 Olefin), Cetearyl Alcohol, Methyl Trimethicone, 1,2-Hexanediol, Caprylyl Methicone, Phenyl Trimethicone, C12-16 Alcohols, Butyrospermum Parkii (Shea) Butter, Sea Water, Chondrus Crispus Extract, Saccharum Officinarum (Sugarcane) Extract, Hyaluronic Acid, Hydrolyzed Hyaluronic Acid, Sodium Hyaluronate, Glyceryl Stearate SE, Ceramide AP, Ceramide AS, Ceramide EOP, Ceramide NP, Ceramide NS, Polymethylsilsesquioxane, Palmitic Acid, Cetearyl Glucoside, Cetearyl Olivate, Sorbitan Olivate, Hydrogenated Lecithin, Copernicia Cerifera (Carnauba) Wax, Stearic Acid, Ammonium Acryloyldimethyltaurate/VP Copolymer, Ethylhexylglycerin, Glyceryl Caprylate, Allantoin, Panthenol, Butylene Glycol, Beta-Glucan, Cholesterol, Phytosphingosine, Disodium EDTA",https://roundlab.com/cdn/shop/files/1025-dokdo-cream-round-lab-1_66b8271b-613f-4510-82e8-b15abb0f1e37.jpg?v=1762439854&width=493,4.8,1,Hydrating;Sensitive;Lightweight
1025 Dokdo Lotion,RoundLab,moisturizer,Lotion;Natural,sensitive;normal;combination;dry;oily,South Korea,80ml,31.00,"Gently apply a sufficient amount on skin, spread it out as if creating a barrier.","Hyaluronic Acid, Hydrolyzed Hyaluronic Acid, Chondrus Crispus Extract, Macadamia Integrifolia Seed Oil, Saccharum Officinarum (Sugarcane) Extract, ","Water, Glycerin, Macadamia Integrifolia Seed Oil, 1,2-Hexanediol, Pentylene Glycol, Chondrus Crispus Extract, Saccharum Officinarum (Sugarcane) Extract, Sea Water, Hyaluronic Acid, Hydrolyzed Hyaluronic Acid, Sodium Hyaluronate, Panthenol, Squalane, Butylene Glycol, Polyglyceryl-3 Methylglucose Distearate, Glyceryl Stearate, Hydrogenated Polydecene, Hydroxyethyl Acrylate/Sodium Acryloyldimethyl Taurate Copolymer, Jojoba Esters, Caprylyl Glycol, Tromethamine, Sodium Phytate, Tocopherol, Sodium Carboxymethyl Beta-Glucan, Ethylhexylglycerin, Cetearyl Alcohol, Carbomer",https://roundlab.com/cdn/shop/files/1025-dokdo-lotion-round-lab-1.jpg?v=1762439854&width=493;,4.9,1,Rejuvenation;Hydrating;Soothing
Mugwort Calming Cream,RoundLab,moisturizer,Cream;Natural,sensitive;normal;combination;dry;oily,South Korea,80ml,51.00,Apply a sufficient amount of lotion unto all areas of your face.;Gently massage until it is fully absorbed into skins.,"Artemisia Vulgaris Extract, Panthenol and Allantoin, Madecassoside","Water, Glycerin, Macadamia Integrifolia Seed Oil, 1,2-Hexanediol, Pentylene Glycol, Chondrus Crispus Extract, Saccharum Officinarum (Sugarcane) Extract, Sea Water, Hyaluronic Acid, Hydrolyzed Hyaluronic Acid, Sodium Hyaluronate, Panthenol, Squalane, Butylene Glycol, Polyglyceryl-3 Methylglucose Distearate, Glyceryl Stearate, Hydrogenated Polydecene, Hydroxyethyl Acrylate/Sodium Acryloyldimethyl Taurate Copolymer, Jojoba Esters, Caprylyl Glycol, Tromethamine, Sodium Phytate, Tocopherol, Sodium Carboxymethyl Beta-Glucan, Ethylhexylglycerin, Cetearyl Alcohol, Carbomer",https://roundlab.com/cdn/shop/files/mugwort-calming-moisturizer-round-lab-1.png?v=1762439863&width=493,4.8,1,Hydrating;Anti-inflammatory;Nourishing
Birch Moisturizing Sunscreen,RoundLab,sunscreen,45+;dewy;chemincal,sensitive;normal;combination;dry;oily,South Korea,50ml,40.00,Apply a lot and evenly 15 minutes before sun exposure.,"Niacinamide, Homosalate, Octisalate","Water, Acrylates Copolymer, Caprylyl Methicone, Sparassis Crispa Extract, Tocopherol (Vitamin E), Niacinamide,polyglyceryl-3 Distearateavobenzone, Homosalate, Calcium Aluminum Borosilicate, 1,2-hexanediol, Octisalate, Butyloctyl Salicylate, Poly C10-30 Alkyl Acrylate, Cetearyl Alcohol, Tromethamine, Glyceryl Stearate Citrate, Betula Platyphylla Japonica Juice, Artemisia Annua Extract, Anthemis Nobilis Flower Oil, Acrylates/c10-30 Alkyl Acrylate Crosspolymer, Glycerin, Butylene Glycol, Sodium Hyaluronate, Carbomer, Ethylhexylglycerin, Hyaluronic Acid, Glyceryl Glucoside, Propanediol, Pinus Sylvestris Leaf Oil, Allantoin, Portulaca Oleracea Extract, Sodium Stearoyl Glutamate, Glyceryl Polymethacrylate, Triethoxycaprylylsilane, Pentylene Glycol, Methylpropanediol, Biosaccharide Gum-1, Benzotriazolyl Dodecyl P-cresol, Diethylhexyl 2,6-naphthalate, Polymethylsilsesquioxane",https://roundlab.com/cdn/shop/files/BIRCH_JUICE_MOISTURIZING_UVLOCK3_Large_10126e46-dfcc-4cd5-970c-146d4be65989.webp?v=1754625508&width=493;https://roundlab.com/cdn/shop/files/Birch_Juice_Moisturizing_Sunscreen_UVLock_SPF_45_Broad_Spectrum_Round_Lab_2_d7287011-9c6c-4326-b273-9b3382c7acad.png?v=1747958301&width=493;https://roundlab.com/cdn/shop/files/11_ba12ceb0-59b1-4394-8d6b-ab96b68232df.png?v=1750803573&width=493,4.7,1,No White Cast;UV Protection;Hydrating
Birch Mild-Up Sunscreen,RoundLab,sunscreen,50+;natural;mineral,sensitive;normal;combination;dry;oily,South Korea,50ml,40.00,Apply a lot and evenly 15 minutes before sun exposure.,"Zinc Oxide'Hyaluronic Acid, Glyceryl Glucoside","Water, Zinc Oxide, Isododecane, Caprylyl Methicone, Polyglycery-3 Polydimethylsilfoxyethyl Dimethicone, Methyl Trimethicone, Disteardimonium Hectorite, Sodium Hyaluronate, Hyaluronic Acid, Betula Platyphylla Japonica Juice, Artemisia Annua Extract, Methyl Methacrylate Crosspolymer, Glycerin, Butylene Glycol, Propanediol, Glyceryl Glucoside, Magnesium Sulfate, Triethoxycaprylylsilane, Anthemis Nobilis Flower Oil, Pinus Sylvestris Leaf Oil, Saccharomyces Ferment Filtrate, Ethylhexylglycerin, Caprylyl Glycol, Glyceryl Caprylate, Butyloctyl Salicylate, Polymethylsilsesquioxane, Cyclohexasiloxane, 1,2-hexanediol, Lauryl Polyglyceryl-3 Polydimethyilsoxyethyl Dimethicone, Cryptomeria Japonica Leaf Extract, Tocopherol (Vitamin E), Ascorbic Acid (Vitamin C)",https://roundlab.com/cdn/shop/files/Birch_Juice_Mild-Up_Sunscreen_UVLock_SPF_50_Broad_Spectrum_Round_Lab_2.png?v=1762440261&width=493;https://roundlab.com/cdn/shop/files/Birch_Juice_Mild-Up_Sunscreen_UVLock_SPF_50_Broad_Spectrum_Round_Lab_3.png?v=1747183443&width=493,4.4,1,Tone up;Hydrating;UV Protection
Birch Moisturizing Sun Stick,RoundLab,sunscreen,50+;natural;chemical,sensitive;normal;combination;dry;oily,South Korea,19ml,35.00,"Before use, gently raise the content slightly(about 5mm).","Homosalate, Octocrylene, Octisalate, Avobenzone, Glyceryl Glucoside","Water, Homosalate 9.5%, Octocrylene 5%, Octisalate 4.5%, Avobenzone 3%, Diethylhexyl Carbonate, Dimethicone, Methyl Methacrylate Crosspolymer, Synthetic Wax, Diphenylsiloxy Phenyl Trimethicone, Butyloctyl Salicylate, Butyl Methoxydibenzoylmethane, Isopropyl Palmitate, Phenethyl Benzoate, Diisostearyl Malate, Ethylhexyl Isononanoate, Caprylyl Trimethicone, Synthetic Fluorphlogopite, Bis-behenyl/isostearyl/phytosteryl Dimer Dilinoleyl Dimer Dilinoleate, Polymethylsilsesquioxane, Polyethylene, Dimethicone/vinyl Dimethicone Crosspolymer, Camellia Japonica Seed Oil, Ethylene/propylene Copolymer, Silica Dimethyl Silylate, Dimethicone Crosspolymer, Candelilla Wax Esters, Artemisia Annua Extract, Copernicia Cerifera (Carnauba) Wax, Pinus Sylvestris Leaf Oil, Anthemis Nobilis Flower Oil, Dipotassium Glycyrrhizate, Allantoin, Glyceryl Glucoside, Butylene Glycol, Glycerin, 1,2-hexanediol, Betula Platyphylla Japonica Juice, Ulmus Davidiana Root Extract, Aloe Barbadensis Leaf Extract, Dioscorea Japonica Root Extract, Viola Mandshurica Flower Extract, Laminaria Japonica Extract, Glyceryl Caprylate, Sodium Hyaluronate, Hyaluronic Acid, Ascorbic Acid",https://roundlab.com/cdn/shop/files/New_Birch_Sun_Stick_2.png?v=1747182941&width=493;https://roundlab.com/cdn/shop/files/New_Birch_sun_stick_3.png?v=1762440036&width=493;https://roundlab.com/cdn/shop/files/sunproductimage_2.png?v=1747182938&width=493 ,4.9,1,Clear;Reapplication;Lightweight;Non-greasy
Pure Cleansing Oil,ma:nyo,cleanser,Oil,oily;combination;acne-prone,South Korea,200ml,24.00,"Pump 2 times to obtain an appropriate amount of the formula.;Gently apply to the nose, forehead, cheeks and T-zone.;Emulsify the formula and massage for 40 seconds.;Wash off with lukewarm water.",,"Glycine Soja (Soybean) Oil, Corylus Avellana (Hazel) Seed Oil, Sorbeth-30 Tetraoleate, Vitis Vinifera (Grape) Seed Oil, Olea Europaea (Olive) Fruit Oil, Caprylic/Capric Triglyceride, Squalane, Isoamyl Laurate, Camellia Japonica Seed Oil, Oenothera Biennis (Evening Primrose) Oil, Simmondsia Chinensis (Jojoba) Seed Oil, Helianthus Annuus (Sunflower) Seed Oil, Argania Spinosa Kernel Oil, Orbignya Oleifera Seed Oil, Saponaria Officinalis Leaf Extract, Camellia Sinensis Leaf Extract, Oryza Sativa (Rice) Bran Oil, Rice Ferment Filtrate (Sake), Decyl glucoside, Ginkgo Biloba Leaf Extract, Lavandula Angustifolia (Lavender) Oil, Aloe Barbadensis Leaf Extract, Citrus Aurantium Dulcis (Orange) Oil, Melaleuca Alternifolia (Tea Tree) Leaf Oil, Tocopherol.",https://d1flfk77wl2xk4.cloudfront.net/Assets/51/882/XXL_p0171888251.jpg;https://d1flfk77wl2xk4.cloudfront.net/Assets/GalleryImage/20/887/L_g0220788720_007.jpg;https://d1flfk77wl2xk4.cloudfront.net/Assets/GalleryImage/20/887/L_g0220788720_017.jpg,4.5,1,Hypoallergenic;Softening
Galactomy Niacin 2.0 Essence,ma:nyo,essence,Brightening,normal;combination;oily;dry;acne-prone,South Korea,50ml,29.00,"After toning, take an ample amount and evenly apply along facial contour.;Then, lightly tap with fingers to fully absorb into the skin.",Niacinamide,"Galactomyces Ferment Filtrate(93.69%), Niacinamide(4%), Panthenol, Sodium Hyaluronate, 1,2-Hexanediol, Butylene Glycol, Hamamelis Virginiana (Witch Hazel) Water, Ethylhexylglycerin, Chrysanthemum Indicum Flower Extract, Algin, Glutathione, Pentylene Glycol, Water.",https://d1flfk77wl2xk4.cloudfront.net/Assets/86/776/XXL_p0131777686.jpg;https://d1flfk77wl2xk4.cloudfront.net/Assets/GalleryImage/15/999/L_g0220499915_000.jpg;https://d1flfk77wl2xk4.cloudfront.net/Assets/GalleryImage/15/999/L_g0220499915_002.jpg,4.7,1,Brightness;Softening;Retains Moisturize
Azelaic Acid 10% Serum,Cos De BAHA,serum,Azelaic Acid;Serum,acne-prone;combination;dry;oily;normal,South Korea,30ml,12.00,Apply a small amount of serum to your face and neck.; Gently pat into the skin until fully absorbed.,"Azelaic Acid, Hyalorinc Acid, Niacinamide, Pantothenic Acid","Aloe Barbadensis Leaf Extract, Propylene Glycol, Azelaic Acid (10%), Polysorbate 20, 1,2-Hexanediol, Propanediol, Panthenol, Niacinamide, Sodium Hyaluronate,Camellia Sinensis Leaf Extract,Momordica Charantia Fruit Extract, Sambucus Nigra Flower Extract,Leontopodium Alpinum Extract.",https://cosdebahaofficial.com/cdn/shop/files/AZ00copy.png?v=1751195542&width=1800;https://cdn.shopify.com/s/files/1/0658/2363/7619/files/AZ_c672c61f-e68e-4c21-ad02-93199ffba62c.jpg?v=1752636508,5.0,1,Acne Improvement;Moisturizing;Brightening;Soothing
Ginseng Cleansing Oil,Beauty of Joseon,cleanser,Oil,acne-prone;combination;normal,South Korea,210ml,32.00,"Pump 1 to 2 times and gently massage onto dry skin, then wet to emulsify and continue massaging.;Rinse with lukewarm water and follow with a water-based cleanser.","Ginseng Seed Oil, Soybean Oil","Glycine Soja (Soybean) Oil, Cetyl Ethylhexanoate, Sorbeth-30 Tetraoleate, Isododecane, Olea Europaea (Olive) Fruit Oil, Camellia Japonica Seed Oil, Hydrogenated Coconut Oil, Octyldodecanol, Polybutene, Caprylic/Capric Triglyceride, Water, Tocopherol, Salvia Officinalis (Sage) Oil, Panax Ginseng Seed Oil, Artemisia Vulgaris Oil, Ocimum Basilicum (Basil) Oil, Corylus Avellana (Hazelnut) Seed Oil, Nigella Sativa Seed Oil, Butylene Glycol, Panax Ginseng Berry Extract, Glycerin, 1,2-Hexanediol, Methylpropanediol, Panax Ginseng Root Extract, Panax Ginseng Root Extract, Ethyl Hexanediol, Panax Ginseng Extract, Panax Ginseng Leaf/Stem Extract, Ethylhexylglycerin",https://d1flfk77wl2xk4.cloudfront.net/Assets/beauty-of-joseon-ginseng-cleansing-oil-210ml/73/993/XXL_p0176299373.jpg;https://beautyofjoseon.com/cdn/shop/files/Ginseng-Cleansing-Oil_Beauty-of-Joseon_85925002-52106116563316.jpg?v=1762679795&width=900,4.6,1,Fragrance Free;Non-irritating;Purifying;Softening;Gentle
Apricot Blossom Peeling Gel,Beauty of Joseon,cleanser,Gel,acne-prone;combination;normal,South Korea,100ml,22.00,Apply a proper amount onto dry face avoiding eye area.;Massage gently for about 20s. Rinse off with lukewarm water.;Use it 1-2 times a week depending on your skin condition.,Plum Blossom Water,"Water, Prunus Mume Flower Water, Cellulose, Methypropandiol, 1,2-Hexandiol, Carbomer, Arginine, Ethylhexylglycerin, Allantoin, Sorbitol, Disodium EDTA, Pyrus Malus (Apple) Fruit Extract, Camellia Sinensis Leaf Extract, Houttuynia Cordata Extract, Nelumbo Nucifera Flower Extract, Oryza Sativa (Rice) Extract, Prunus Mume Fruit Extract, Vaccinium Angustifolium (Blueberry) Fruit Extract, Butylene Glycol.",https://d1flfk77wl2xk4.cloudfront.net/Assets/beauty-of-joseon-apricot-blossom-peeling-gel-100ml/66/184/XXL_p0151218466.jpg;https://d1flfk77wl2xk4.cloudfront.net/Assets/GalleryImage/52/184/L_g0151218452_000.jpg,4.8,1,Gentle;Hydrates;Smoothening
Radiance Cleansing Balm,Beauty of Joseon,cleanser,Balm,acne-prone;combination;normal,South Korea,100ml,30.00,Dispense a proper amount of cleansing balm with the included spatula.;Gently spread over dry face and massage in circular motion.;Rinse off thoroughly with lukewarm water and wash your face with foam clenaser.,Rice Extract,"Cetyl Ethylhexanoate, Caprylic/Capric Triglyceride, PEG-20 Glyceryl Triisostearate, Synthetic Wax, PEG-10 Isostearate, Lactobacillus/Soybean Ferment Extract, Hippophae Rhamnoides Oil, Oryza Sativa (Rice) Bran Oil, Oryza Sativa (Rice) Seed Water, Avena Sativa (Oat) Meal Extract, Coix Lacryma-Jobi Ma-yuen Seed Extract, Oryza Sativa (Rice) Extract, Water, Sorbitan Sesquioleate, Glycerin, Propanediol, Butylene Glycol, 1,2-Hexanediol, Caprylyl Glycol, Ethylhexylglycerin",https://d1flfk77wl2xk4.cloudfront.net/Assets/beauty-of-joseon-radiance-cleansing-balm-new-100ml/48/268/XXL_p0153126848.jpg;https://d1flfk77wl2xk4.cloudfront.net/Assets/GalleryImage/34/268/L_g0153126834_000.jpg,4.7,1,Makeup Melter;Hydrates;Softening
Red Bean Water Gel,Beauty of Joseon,moisturizer,Gel;Dewy,dry;normal;combination;oily;acne-prone,South Korea,100ml,27.00,"At the last stage of routine, evenly apply a proper amount to face.;Gently pat for further absorption.",Haenam Red Bean Extract,"Phaseolus Angularis Seed Extract, Water, Butylene Glycol, Glycerin, 1,2-Hexanediol, Methyl Trimethicone, Acrylates/C10-30 Alkyl Acrylate Crosspolymer, Tromethamine, Glyceryl Glucoside, C12-14 Alketh-12, Maltodextrin, Ammonium Acryloyldimethyltaurate/VP Copolymer, Dimethicone/Vinyl Dimethicone Crosspolymer, Dimethicone Crosspolymer, Ethylhexylglycerin, Betaine, Panthenol, Allantoin, Dipotassium Glycyrrhizate, Polyquaternium-51, Xanthan Gum, Disodium EDTA, Glyceryl Acrylate/Acrylic Acid Copolymer, Dioscorea Japonica Root Extract, Glucose, Sodium Citrate, Beta-Glucan, Hydrolyzed Corn Starch, Citric Acid, Sucrose, Caprylyl Glycol, Helianthus Annuus (Sunflower) Seed Oil, Tocopherol, Cyanocobalamin, Glycine, Serine, Glutamic Acid, Magnesium Ascorbyl Phosphate, Aspartic Acid, Leucine, Acetyl Hexapeptide-8, Alanine, Lysine, Arginine, Tyrosine, Phenylalanine, Proline, Threonine, Valine, Isoleucine, Histidine, Cysteine, Methionine, Sh-Oligopeptide-1, Sh-Oligopeptide-2, Sh-Polypeptide-1",https://d1flfk77wl2xk4.cloudfront.net/Assets/beauty-of-joseon-red-bean-water-gel-100ml/67/898/XXL_p0184489867.jpg,4.6,1,Balancing;Firming;Hydrating
Revive Eye Serum,Beauty of Joseon,serum,Retinal;Serum,dry;normal;combination;oily,South Korea,30ml,22.00,"Dispense a proper amount onto finger, apply and gently tap around the eye area for further absorption.","Retinal Liposomes, Ginseng Root Extract","Water, Glycerin, Dipropylene Glycol, Caprylic/Capric Triglyceride, 1,2-Hexanediol, Butylene Glycol Dicaprylate/Dicaprate, Niacinamide, Pentaerythrityl Tetraethylhexanoate, Cetearyl Alcohol, Cetearyl Olivate, Sorbitan Olivate, Butylene Glycol, Hydrogenated Lecithin, Panax Ginseng Root Extract, Carbomer, Glyceryl Stearate, Tromethamine, Macadamia Ternifolia Seed Oil, Ethylhexylglycerin, Adenosine, Cholesterol, Dextrin, Polyglyceryl-10 Oleate, Theobroma Cacao (Cocoa) Extract, Disodium Edta, Brassica Campestris (Rapeseed) Sterols, Phytosteryl/Behenyl/Octyldodecyl Lauroyl Glutamate, Retinal, Silica, Aluminum/Magnesium Hydroxide Stearate, Sodium Hyaluronate, Tocopherol, Potassium Cetyl Phosphate, Pentaerythrityl Tetra-Di-T-Butyl Hydroxyhydrocinnamate, Ceramide Np, Palmitoyl Tripeptide-5",https://d1flfk77wl2xk4.cloudfront.net/Assets/beauty-of-joseon-revive-eye-serum-30ml/55/993/XXL_p0176299355.jpg,4.6,1,Smoothing;Firming;Hydrating
Relief Sun,Beauty of Joseon,sunscreen,50+;dewy;chemical,normal;dry;sensitive,South Korea,50ml,20.00,"At the last step of skin care routine, evenly spread a proper amount over areas frequently exposed to sun.",30% Rice Extract,"Aqua, Dibutyl, Adipate, Propanediol, Diethylamino Hydroxybenzoyl Hexyl Benzoate, Polymethylsilsesquioxane, Ethylhexyl Triazone, Methylene Bis-Benzotriazolyl Tetramethylbutylphenol(nano), Niacinamide, Coco-Capryate/Caprate, Caprylyl Methicone, Diethyhexyl Butamido Triazone, Glycerin, 1,2-Hexanediol, Butylene Glycol, Pentylene Glycol, Behenyl Alcohol, Poly C10-30 Alkyl Acrylate, polyglyceryl-3 Methylglucose Distearate, Decyl Glucoside, Oryza Sativa Extract, Tromethamine, Carbomer, Acrylates/C10-30 Alkyl Acrylate Crosspolymer, Sodium Stearoyl Glutamate, Polyacrylate Crosspolymer-6, Ethylhexyglycerin, Adenosine, Xanthan Gum, T-Butyl Alcohol, Tocopherol, Oryza Sativa Germ Extract, Camellia Sinensis Leaf Extract, Camellia Sinensis Leaf Extract, Aspergillus Ferment, Bacillus/Soybean Ferment Extract, Cocos Nucifera Fruit Extract, Lactobacillus/Pumpkin Ferment Extract, Lactobacillus/Rice Ferment, Macrocystis Pyrifera Extract, Monascus/Rice Ferment Filtrate, Panax Ginseng Root Extract, Saccharomyces/Rice Ferment Filtrate, Saccharum Officinarum Extract",https://d1flfk77wl2xk4.cloudfront.net/Assets/beauty-of-joseon-relief-sun-50ml/95/834/XXL_p0162883495.jpg,4.7,1,Smoothing;Firming;Hydrating
Heartleaf Pore Control Cleansing Oil,Anua,cleanser,Oil,acne-prone;combination;oily,South Korea,200ml,21.00,Dispense the cleansing oil onto your palms and massage it onto non-moist skin.;Add a little water to emulsify while massaging.;Rinse thoroughly with lukewarm water.,Heartleaf Extract,"Ethylhexyl Palmitate, Sorbeth-30 Tetraoleate, Sorbitan Sesquioleate, Caprylic/Capric Triglyceride, Butyl Avocadate, Fragrance, Helianthus Annuus (Sunflower) Seed Oil, Macadamia Ternifolia Seed Oil, Olea Europaea (Olive) Fruit Oil, Simmondsia Chinensis (Jojoba) Seed Oil, Vitis Vinifera (Grape) Seed Oil, Caprylyl Glycol, Ethylhexylglycerin, Curcuma Longa (Turmeric) Root Extract, Melia Azadirachta Flower Extract, Tocopherol, Melia Azadirachta Leaf Extract, Houttuynia Cordata Extract, Corallina Officinalis Extract, Melia Azadirachta Bark Extract, Moringa Oleifera Seed Oil, Ocimum Sanctum Leaf Extract",https://anua.com/cdn/shop/files/anua-us-cleanser-200ml-heartleaf-pore-control-cleansing-oil-1161173148.jpg?v=1746610775&width=1000;https://anua.com/cdn/shop/files/anua-us-cleanser-200ml-heartleaf-pore-control-cleansing-oil-1161173149.jpg?v=1750396329&width=1000;,4.7,1,Makeup Removal;Pore Care
Heartleaf 77 Soothing Toner,Anua,toner,Hydrating,acne-prone;combination;dry;oily;normal,South Korea,250ml,23.00,"After cleansing, apply a moderate amount over the face and pat lightly for better absorption.",77% Heartleaf Water,"Houttuynia Cordata Extract (77%), Purified Water, 1,2-Hexandiol, Glycerin, Betaine, Panthenol, Saccharum Officinarum (Sugarcane) Extract, Portulaca Oleracea Extract, Butylene Glycol, Vitex Agnus-Castus Extract, Chamomilla Recutita (Matricaria) Flower Extract, Arctium Lappa Root Extract, Phellinus Linteus Extract, Vitis Vinifera (Grape) Fruit Extract, Apple Fruit Extract, Centella Asiatica Extract, Isopentyldiol, Methylpropanediol, Acrylates/C10-30 Alkyl Acrylate Crosspolymer, Tromethamine, Disodium EDTA",https://anua.com/cdn/shop/files/anua-us-toner-heartleaf-77-soothing-toner-1161173062.png?v=1746609345&width=1000;https://anua.com/cdn/shop/files/anua-us-toner-heartleaf-77-soothing-toner-1161173058.jpg?v=1757398261&width=1000,4.7,1,Skin Trouble Care;Moisture Balance;Balancing pH
Advanced Snail 96 Mucin Power Essence,COSRX,essence,Hydrating,acne-prone;sensitive;dry;oily;combination;normal,South Korea,100ml,25.00,Take an appropriate amount and spread onto face.;Tap with fingertips to enhance absorption.,"96% Snail Secretion Filtrate, Hyaluronic Acid","Snail Secretion Filtrate, Betaine, Butylene Glycol, 1,2-Hexanediol, Sodium Polyacrylate, Phenoxyethanol, Sodium Hyaluronate, Allantoin, Ethyl Hexanediol, Carbomer, Panthenol, Arginine",https://www.cosrx.com/cdn/shop/files/james_800x1067_1_1_4e9750cc-2cd6-4817-ace5-be2305a85806_460x.jpg?v=1763111577;https://www.cosrx.com/cdn/shop/files/advanced-snail-96-mucin-power-essence-cosrx-official-4_460x.jpg?v=1763111577;https://www.cosrx.com/cdn/shop/files/Snail96Essence_8_460x.jpg?v=1763111577,4.8,1,Hydrating;Soothing;Helps darkspots; Glass Skin
Advanced Snail 92 All In One Cream,COSRX,moisturizer,Cream;Glassy,acne-prone;sensitive;dry;oily;combination;normal,South Korea,100g,18.00,"After cleansing and toning, apply a small amount evenly over the face.;Gently pat to aid absorption.;Follow with sunscreen and your makeup routine in the morning or use a mask for your nighttime routine.","92% Snail Secretion Filtrate, 1,000 ppm Hylaronic Acoid","Snail Secretion Filtrate, Betaine, Caprylic/Capric Triglyceride, Cetearyl Olivate, Sorbitan Olivate, Cetearyl Alcohol, Carbomer, Arginine, Dimethicone, Sodium Polyacrylate, Phenoxyethanol, Sodium Hyaluronate, Stearic Acid, Allantoin, Panthenol, Xanthan Gum, Ethyl Hexanediol, Adenosine",https://www.cosrx.com/cdn/shop/files/5_bc6986a1-1b85-42ce-b761-6bc4acbb07a3_460x.png?v=1757571879;https://www.cosrx.com/cdn/shop/files/800x1067____231120_460x.webp?v=1762909943,4.7,1,Hydrating;Soothing;Softening;Replenishing;Glass Skin
Squalane Cleanser,The Ordinary,cleanser,Balm,acne-prone;sensitive;dry,Canada,50ml,14.00,Dispense a proper amount of cleansing balm.;Gently spread over dry face and massage in circular motion.;Rinse off thoroughly with lukewarm water.,"Squalane, Sucrose Stearate, Ethyl Macadamiate, Sucrose Laurate","Squalane, water, coco-caprylate/caprate, glycerin, sucrose stearate, ethyl macadamiate, caprylic/capric triglyceride, hydrogenated starch hydrolysate, sucrose laurate, ethylhexylglycerin, isoceteth-20, sodium polyacrylate, polyacrylate crosspolymer-6, trisodium ethylenediamine disuccinate, hydroxymethoxyphenyl decanone, tocopherol., Malic acid, Chlorphenesin",https://theordinary.com/dw/image/v2/BFKJ_PRD/on/demandware.static/-/Sites-deciem-master/default/dwc2d7f1a8/Images/products/The%20Ordinary/rdn-squalane-cleanser-50ml.png?sw=860&sh=860&sm=fit;https://d1flfk77wl2xk4.cloudfront.net/Assets/98/209/XL_p0216820998.jpg,4.4,1,Makeup Melter;Fragance Free;Non-irritating
Niacinamide 10% + Zinc 1%,The Ordinary,serum,Niacinamide;Serum,normal;oily;combination;dry,Canada,60ml,12.00,Apply to entire face morning and evening before heavier creams.,Niacinamide ,"Water, Niacinamide, Pentylene Glycol, Zinc PCA, Dimethyl Isosorbide, Tamarindus Indica Seed Gum, Xanthan gum, Isoceteth-20, Ethoxydiglycol, Phenoxyethanol, Chlorphenesin.",https://theordinary.com/dw/image/v2/BFKJ_PRD/on/demandware.static/-/Sites-deciem-master/default/dw02d94564/Images/products/The%20Ordinary/rdn-niacinamide-10pct-zinc-1pct-60ml.png?sw=800&sh=800&sm=fit,4.4,1,Smoothing;Brightening;Reduces Oil
Hyaluronic Acid 2% + B5,The Ordinary,serum,Hyaluronic Acid;Serum,normal;oily;combination;dry,Canada,60ml,22.00,Apply a few drops to face AM and PM before creams.,"Hyularonic Acid, Ceramides","Water, Sodium Hyaluronate, Pentylene Glycol, Propanediol, Sodium Hyaluronate Crosspolymer, Panthenol, Ahnfeltia Concinna Extract, Glycerin, Trisodium Ethylenediamine Disuccinate, Citric Acid, Isoceteth-20, Ethoxydiglycol, Ethylhexylglycerin, Hexylene Glycol, 1,2-Hexanediol, Phenoxyethanol, Caprylyl Glycol.",https://theordinary.com/dw/image/v2/BFKJ_PRD/on/demandware.static/-/Sites-deciem-master/default/dw83c04112/Images/products/The%20Ordinary/ord-hyaluronic-acid-2pct-B5-60ml-Clr-Acu.png?sw=800&sh=800&sm=fit,4.4,1,Hydrating;Watery;Glass Skin
Senka Perfect Whip Beauty Face Foam,Shiseido,cleanser,Foam,normal;oily;combination;dry,Japan,120g,15.00,"After wetting your hands and face, take an appropriate amount, pea size, on your palm.;Lather well with cold or lukewarm water and wash.;Then rinse thoroughly with lukewarm water.","Sodium hyaluronate, Hydrolysed Silk, Lauric Acid","Water, stearic acid, PEG-8, myristic acid, potassium hydroxide, glycerin, lauric acid, ethanol, BG, glyceryl stearate (SE), polyquaternium-7, PEG/PPG-14/7 dimethyl ether, sodium hyaluronate, acetyl Sodium hyaluronate, sericin, hydrolyzed silk, EDTA-2Na, sodium pyrosulfite, citric acid, potassium sorbate, sodium benzoate, fragrance",https://haisue.ca/cdn/shop/files/Shiseido-Senka-Perfect-Whip-Beauty-Face-Foam-120g.webp?v=1743508868,4.8,1,Makeup Melter;Silky;Deep Cleanse;Pore Care
Daily Facial Cleanser,Cetaphil,cleanser,Gel,oily;combination,Canada,473ml,16.00,Dispense a proper amount of cleansing gel.;Gently spread over dry face and massage in circular motion.;Rinse off thoroughly with lukewarm water.,"Niacinamide, Panthenol, Glycerin","Water, Cocamidopropyl Betaine, Glycerin, Disodium Laureth Sulfosuccinate, Sodium Cocoamphoacetate, Acrylates/C10-30 Alkyl Acrylate Crosspolymer, Sodium Benzoate, Citric Acid, Panthenol, Niacinamide. FIL 1800",https://www.cetaphil.ca/dw/image/v2/BGGN_PRD/on/demandware.static/-/Sites-galderma-ca-m-catalog/default/dw38a9c799/Daily%20Facial%20Cleanser/53003_Cetaphil_Daily_Facial_Cleanser_473ml_Front.png?sw=450&sh=450&sm=fit&q=85;https://www.cetaphil.ca/dw/image/v2/BGGN_PRD/on/demandware.static/-/Sites-galderma-ca-m-catalog/default/dwd30d5b3d/Daily%20Facial%20Cleanser/53003_Cetaphil_Daily_Facial_Cleanser_473ml_Back.png?sw=450&sh=450&sm=fit&q=85,4.4,1,Deep Cleanse;Makeup Melter;Fragrance Free
Daily Facial Moisturizer SPF 50,Cetaphil,sunscreen,50;matte;chemical,normal;dry;sensitive,Canada,50ml,12.00,"At the last step of skin care routine, evenly spread a proper amount over areas frequently exposed to sun.","Vitamin E, Glycerin","Octinoxate 7.5%, Octisalate 5%, Octocrylene 7%, Oxybenzone 6%, Titanium Dioxide 5.7%, Purified Water, Glycerin, Propylene Glycol, Dimethicone, Cyclohexasiloxane, Vinylpirolidone/ Eicosene Copolymer, Stearic Acid, Glyceryl Stearate (And / Et) Peg-100 Stearate, Potassium Cetyl Phosphate, Phenoxyethanol, Aluminum Hydroxide, Triethanolamine, Dimethiconol, Methylparaben, Chlorphenesin, Cetyl Alcohol, Ethylparaben, Carbomer Copolymer Type B, Disodium Edta, Tocopherol, Glycine Soja (Soybean) Oil, Gum, Fil 0456",https://www.cetaphil.ca/dw/image/v2/BGGN_PRD/on/demandware.static/-/Sites-galderma-ca-m-catalog/default/dwa7aef88e/Daily%20Facial%20Moisturizer%20SPF%2050/07050_Cetaphil_Daily_Facial_Moisturizer_SPF50_50ml_Tube%20Front.png?sw=450&sh=450&sm=fit&q=85;https://www.cetaphil.ca/dw/image/v2/BGGN_PRD/on/demandware.static/-/Sites-galderma-ca-m-catalog/default/dwff168ef4/Daily%20Facial%20Moisturizer%20SPF%2050/302993930020_Benefits_1_CDN.jpg?sw=450&sh=450&sm=fit&q=85,4.2,1,Oil Free;Fragrance Free;Lightweight;Hypoallergenic